<?xml version="1.0" encoding="UTF-8" standalone="no"?>
<!--
   APIGEN_TARGET_WIN32_STATIC           =   1,
   APIGEN_TARGET_WIN32_DLL              =   2,
   APIGEN_TARGET_WIN32_BORLAND          =   3,
   APIGEN_TARGET_WIN64_STATIC           =   4,
   APIGEN_TARGET_WIN64_DLL              =   5,
   APIGEN_TARGET_WIN32_DELPHI           =   6,

   APIGEN_TARGET_MACHO32_PPC_STATIC     =   7,
   APIGEN_TARGET_MACHO32_PPC_DYLIB      =   8,
   APIGEN_TARGET_MACHO64_PPC_STATIC     =   9,
   APIGEN_TARGET_MACHO64_PPC_DYLIB      =   10,
   APIGEN_TARGET_MACHO32_X86_STATIC     =   11,
   APIGEN_TARGET_MACHO32_X86_DYLIB      =   12,
   APIGEN_TARGET_MACHO64_X86_STATIC     =   13,
   APIGEN_TARGET_MACHO64_X86_DYLIB      =   14,
   APIGEN_TARGET_MACHO32_UNI_STATIC     =   15,
   APIGEN_TARGET_MACHO32_UNI_DYLIB      =   16,
   APIGEN_TARGET_MACHO64_UNI_STATIC     =   17,
   APIGEN_TARGET_MACHO64_UNI_DYLIB      =   18,

   APIGEN_TARGET_LINUX32_X86_STATIC     =   19,
   APIGEN_TARGET_LINUX32_X86_SO         =   20,
   APIGEN_TARGET_LINUX64_X86_STATIC     =   21,
   APIGEN_TARGET_LINUX64_X86_SO         =   22,
   APIGEN_TARGET_LINUX32_PPC_STATIC     =   23,
   APIGEN_TARGET_LINUX32_PPC_SO         =   24,
   APIGEN_TARGET_LINUX64_PPC_STATIC     =   25,
   APIGEN_TARGET_LINUX64_PPC_SO         =   26,

   APIGEN_TARGET_WIN32_DLLSTUB          =   27,
   APIGEN_TARGET_WIN64_DLLSTUB          =   28,

   APIGEN_TARGET_VENDOR_DLL             =   29, always generated
   APIGEN_TARGET_TOOLBOX_DLL            =   30, always generated 

   APIGEN_TARGET_FREEBSD32_X86_STATIC   =   31,
   APIGEN_TARGET_FREEBSD32_X86_SO       =   32,
   APIGEN_TARGET_FREEBSD64_X86_STATIC   =   33,
   APIGEN_TARGET_FREEBSD64_X86_SO       =   34
-->
<apigen>
   <version>3.50</version>
   <targets>
      <!-- Linux targets -->
      <api id="19" comment="32 Bit Linux x86 Static">
	      <target>%Personal%/Aladdin/HASP SRM 3.50/API/Runtime/C/x86</target>
      </api>
      <api id="20" comment="32 Bit Linux x86 Dynamic">
	      <target>%Personal%/Aladdin/HASP SRM 3.50/API/Runtime/C/x86</target>
      </api>
      <api id="21" comment="64 Bit Linux x86 Static">
	      <target>%Personal%/Aladdin/HASP SRM 3.50/API/Runtime/C/x86_64</target>
      </api>
      <api id="22" comment="64 Bit Linux x86 Dynamic">
	      <target>%Personal%/Aladdin/HASP SRM 3.50/API/Runtime/C/x86_64</target>
      </api>
   </targets>
</apigen>